Aspects,Negative,Neutral,Positive
Customer Service,78.3678756476684,2.849740932642487,18.78238341968912
Delivery,74.89768076398363,4.297407912687586,20.80491132332879
Packaging,84.55114822546973,4.801670146137787,10.647181628392484
Price / Value,76.71125098347757,4.169944925255704,19.11880409126672
Product Quality,67.8921568627451,4.901960784313726,27.205882352941174
