Model,Accuracy,F1-Score
Logistic Regression,0.82,0.81
Naive Bayes,0.78,0.77
SVM,0.84,0.83
LSTM,0.8409306742640076,0.824003503434213
BiLSTM,0.7811016144349477,0.8135722223290979
