Model,Accuracy,Precision,Recall,F1-Score
roberta-base,0.9154795821462488,0.9082895436530186,0.9154795821462488,0.9112935149365448
bert-base-uncased,0.9121557454890789,0.9180214521220291,0.9121557454890789,0.8938244775034407
distilbert-base-uncased,0.9083570750237417,0.9023932245058073,0.9083570750237417,0.8928892756717518
BiLSTM,0.87,0.86,0.87,0.86
LSTM,0.85,0.84,0.85,0.84
SVM,0.84,0.83,0.84,0.83
Logistic Regression,0.82,0.81,0.82,0.81
Naive Bayes,0.78,0.77,0.78,0.77
